Time,Attribute,State,Phase
1413017.5799999998,,, START
2014576.454999995,,, S_STOPPED
2044677.4549999973,,, START
2650424.4550000005,,, S_STOPPED
,,,DOM_SENSE
