Time,Attribute,State,Phase
230402.25000000282,,, START
832429.5800000001,,, S_STOPPED
930642.8300000008,,, START
1539226.665000002,,, S_STOPPED
,,,DOM_SENSE
