Time,Attribute,State,Phase
100758.20999999996,,, START
702037.8750000382,,, S_STOPPED
725776.3750000158,,, START
1326827.585000021,,, S_STOPPED
,,,DOM_SENSE
