Time,Attribute,State,Phase
502770.49999998417,,, START
1106888.0849999841,,, S_STOPPED
1124325.6249999977,,, START
1724605.749999988,,, S_STOPPED
,,,DOM_SENSE
