Time,Attribute,State,Phase
11007.62499999837,,, START
612294.584999996,,, S_STOPPED
629652.0400000009,,, START
1230408.1299999962,,, S_STOPPED
,,,DOM_SENSE
