Time,Attribute,State,Phase
180955.12500000800,,, START
782242.5400000070,,, S_STOPPED
819807.6250000010,,, START
1420463.3350000100,,, S_STOPPED
,,,DOM_SENSE