Time,Attribute,State,Phase
98780.42500000447,,, START
709500.469999999,,, S_STOPPED
730126.25999999,,, START
1331687.0749999944,,, S_STOPPED
,,,DOM_SENSE
