Time,Attribute,State,Phase
295407.4699999983,,, START
897376.9150000007,,, S_STOPPED
919102.7000000031,,, START
1525519.0100000035,,, S_STOPPED
,,,DOM_SENSE
