Time,Attribute,State,Phase
375825.67499997094,,, START
977227.5549999904,,, S_STOPPED
1015292.0149999554,,, START
1618457.620000001,,, S_STOPPED
,,,DOM_SENSE
