Time,Attribute,State,Phase
143709.00000000256,,, START
744807.209999999,,, S_STOPPED
775791.6699999769,,, START
1377061.1700000009,,, S_STOPPED
,,,DOM_SENSE
