Time,Attribute,State,Phase
253717.49999996973,,, START
858854.0400000056,,, S_STOPPED
880646.2900000042,,, START
1480917.124999978,,, S_STOPPED
,,,DOM_SENSE
