Time,Attribute,State,Phase
162575.8350000251,,, START
762845.4550000024,,, S_STOPPED
794315.9150000138,,, START
1394630.0000000047,,, S_STOPPED
,,,DOM_SENSE
